Iteration,mariadb,mongodb,mysql,redis
1,.261712700,1.342112400,.258602600,.275118100
2,.197849300,1.575835900,.229575500,.222057500
3,.203114800,1.537988400,.394484900,.170784500
