Iteration,mongodb
1,1.342112400
2,1.575835900
3,1.537988400
